指标,Spearman_r,p_value,显著性
CKM综合风险评分,0.183,3.309056552562983e-58,***
代谢综合征评分,0.094,3.310285441439994e-16,***
糖化血红蛋白,0.205,2.4599569625300165e-64,***
甘油三酯,0.08,2.0252730744322937e-06,***
