指标,Spearman_r,p_value,显著性
CKM综合风险评分,0.265,2.4172111299180105e-122,***
CKM分期,0.175,3.139744959282338e-53,***
代谢综合征评分,0.229,6.976180896460822e-91,***
TyG指数 (胰岛素抵抗),0.105,4.48211603354109e-10,***
糖化血红蛋白,0.205,2.4599569625300165e-64,***
甘油三酯,0.08,2.0252730744322937e-06,***
收缩压,0.354,2.7243440662034914e-202,***
BMI,0.067,7.2961533743894225e-09,***
腰围,0.171,2.2785370952869164e-48,***
